thank,28084
PM,26606
cc,26401
pleas,26137
AM,21888
sent,20640
forward,20230
know,19899
messag,19371
would,17088
the,16687
let,16310
get,15270
need,14902
If,13889
We,13172
call,13146
time,12457
like,12387
work,11619
go,11514
attach,11319
may,11225
thi,10884
want,10794
see,10609
one,10280
also,10083
look,9850
think,9727
question,9202
make,9200
use,9118
fax,8738
could,8692
new,8600
inform,8593
meet,8417
week,8295
regard,8270
day,8264
It,8148
receiv,8096
chang,7912
phone,7848
take,7821
us,7766
follow,7743
send,7614
houston,7557
discuss,7548
review,7354
deal,7336
good,7240
monday,7008
friday,6991
last,6957
today,6912
help,6893
back,6883
copi,6636
contact,6608
america,6530
corp,6515
you,6444
north,6441
email,6389
give,6356
well,6337
agreement,6324
file,6282
trade,6272
issu,6270
next,6208
thursday,6135
hope,6047
john,5978
talk,5960
In,5953
mark,5951
number,5946
tuesday,5931
wednesday,5927
contract,5862
group,5829
ask,5788
schedul,5739
sure,5694
market,5672
offic,5661
includ,5641
ga,5608
provid,5547
still,5527
tri,5462
come,5376
As,5340
busi,5305
legal,5305
year,5203
list,5152
two,5151
plan,5132
request,5061
name,5056
manag,5013
price,4964
interest,4915
first,4906
power,4904
compani,4903
current,4829
comment,4822
date,4812
octob,4748
find,4712
texa,4707
servic,4655
Do,4596
jeff,4592
much,4587
best,4580
kay,4566
way,4559
what,4531
right,4514
energi,4410
address,4389
note,4388
confirm,4376
draft,4324
thought,4323
sinc,4318
street,4293
possibl,4269
addit,4264
smith,4241
put,4215
set,4210
mike,4202
here,4189
thing,4179
check,4123
morn,4100
avail,4056
start,4040
respons,3991
peopl,3983
parti,3951
confidenti,3948
david,3941
can,3932
document,3921
system,3904
offer,3901
requir,3886
soon,3870
EB,3858
month,3832
great,3824
tomorrow,3822
sara,3776
novemb,3765
point,3764
anyth,3754
contain,3734
made,3698
intend,3698
gener,3688
say,3682
guy,3657
person,3649
keep,3646
place,3642
abl,3631
end,3627
believ,3596
ani,3573
order,3544
final,3531
My,3525
howev,3523
problem,3507
report,3477
vinc,3470
credit,3434
chri,3412
distribut,3411
origin,3405
got,3388
process,3383
term,3378
bill,3372
agre,3371
He,3370
might,3370
for,3358
move,3353
per,3351
transact,3347
feel,3346
product,3344
execut,3340
Hi,3318
even,3309
said,3299
posit,3222
form,3205
realli,3201
delet,3198
free,3181
other,3161
done,3131
jim,3131
around,3111
there,3097
creat,3091
sign,3074
complet,3073
anyon,3070
understand,3070
steve,3049
accept,3036
someth,3031
they,3027
juli,3022
how,3022
updat,3020
mari,2987
probabl,2976
alreadi,2971
hear,2969
part,2965
author,2962
depart,2947
base,2946
sorri,2929
commun,2926
anoth,2925
team,2924
basi,2919
project,2917
custom,2912
privileg,2901
mani,2898
suggest,2897
oper,2883
long,2872
assist,2843
show,2838
yet,2834
septemb,2823
fyi,2818
state,2818
detail,2817
develop,2806
Is,2802
letter,2793
either,2792
risk,2786
togeth,2777
januari,2775
case,2774
continu,2767
book,2763
cost,2744
night,2739
repli,2735
just,2727
scott,2722
august,2717
due,2709
approv,2705
better,2698
rate,2685
later,2682
propos,2681
close,2673
support,2668
leav,2650
present,2642
open,2641
attend,2639
concern,2632
differ,2630
confer,2598
mail,2596
sender,2594
richard,2593
susan,2590
financi,2585
account,2584
tell,2578
run,2577
import,2562
otherwis,2561
all,2546
appreci,2538
To,2534
respond,2534
michael,2523
littl,2520
purchas,2513
option,2511
No,2504
home,2503
immedi,2496
recipi,2496
els,2496
that,2491
relat,2483
will,2479
someon,2475
kim,2474
buy,2469
locat,2454
hour,2421
return,2418
prepar,2414
kevin,2408
decemb,2408
direct,2407
prohibit,2400
paul,2379
futur,2364
whether,2362
advis,2361
are,2346
must,2346
given,2344
when,2332
weekend,2330
notic,2323
sever,2321
line,2316
reason,2310
read,2300
have,2299
pay,2289
access,2285
march,2275
yesterday,2271
expect,2269
high,2269
revis,2267
specif,2260
ca,2256
told,2255
effect,2252
notifi,2248
your,2246
afternoon,2237
everyon,2233
opportun,2232
actual,2230
seem,2228
and,2226
love,2222
left,2215
master,2214
etc,2194
sale,2184
materi,2169
ye,2154
carol,2152
june,2148
without,2148
mean,2135
version,2123
recent,2119
So,2109
sell,2101
amount,2096
intern,2074
within,2073
assum,2052
particip,2051
happi,2048
correct,2043
cover,2043
corpor,2040
resourc,2037
desk,2036
robert,2035
entiti,2031
lot,2025
add,2014
idea,2008
heard,2006
april,1995
result,1988
error,1987
dave,1986
disclosur,1979
allow,1978
limit,1975
total,1970
individu,1962
area,1962
consid,1962
info,1952
bob,1951
refer,1947
unit,1943
begin,1937
debra,1933
fine,1933
wait,1913
mention,1908
indic,1907
firm,1904
valu,1893
sound,1872
event,1869
mayb,1868
earli,1864
care,1857
employe,1851
type,1850
william,1848
sole,1845
three,1837
enter,1836
joe,1835
matter,1829
activ,1824
coupl,1824
bring,1821
affili,1820
room,1820
electr,1819
dan,1814
prior,1812
strictli,1809
answer,1808
miss,1804
short,1801
associ,1801
chanc,1799
volum,1798
involv,1796
never,1782
hey,1781
languag,1779
happen,1777
util,1776
our,1775
big,1770
hold,1767
februari,1766
jeffrey,1765
deliveri,1764
charg,1758
applic,1754
visit,1752
section,1750
eric,1748
respect,1742
everi,1740
job,1738
handl,1737
ad,1734
west,1731
head,1726
effort,1722
On,1722
ben,1719
california,1710
pass,1710
subject,1709
data,1707
initi,1704
late,1702
site,1702
jame,1699
trader,1695
program,1689
tom,1689
with,1688
decid,1686
natur,1686
relev,1685
lunch,1677
greg,1664
second,1660
least,1659
At,1656
capit,1655
cours,1647
word,1645
necessari,1637
past,1635
print,1635
upon,1635
payment,1634
post,1627
director,1623
dear,1623
readi,1620
reserv,1617
stay,1617
join,1610
appropri,1609
properti,1608
minut,1604
via,1603
but,1601
invit,1593
daili,1592
these,1588
view,1585
phillip,1582
everyth,1581
page,1581
determin,1572
hard,1572
public,1570
control,1569
far,1563
pretti,1562
share,1561
remain,1557
alway,1557
statu,1555
capac,1554
shackleton,1552
though,1546
industri,1546
speak,1543
cell,1541
rememb,1540
friend,1540
repres,1537
deliv,1536
went,1534
lisa,1533
arrang,1531
she,1526
commerci,1525
level,1524
reach,1521
period,1521
elizabeth,1520
did,1515
structur,1511
not,1510
real,1502
member,1501
appear,1500
directli,1496
along,1494
money,1493
secur,1491
purpos,1479
hous,1478
earlier,1477
although,1476
coordin,1474
fact,1466
law,1464
exist,1460
global,1460
potenti,1456
full,1455
convers,1446
negoti,1442
spoke,1441
decis,1433
latest,1423
evid,1422
shall,1421
item,1421
found,1417
wish,1416
lawyer,1416
side,1409
reli,1406
assign,1405
pipelin,1399
kate,1399
game,1398
kind,1394
build,1393
action,1392
enforc,1390
turn,1387
therefor,1386
definit,1385
clear,1382
suppli,1373
saturday,1372
rick,1368
increas,1364
counsel,1362
wonder,1362
research,1361
organ,1358
US,1356
physic,1354
michel,1354
enough,1347
recommend,1344
sunday,1343
dinner,1333
financ,1332
except,1330
bind,1330
pick,1329
london,1328
By,1326
play,1319
guess,1317
perform,1316
becom,1314
prefer,1304
mind,1303
ago,1302
design,1300
rather,1297
ever,1294
suit,1292
plant,1289
less,1289
termin,1287
lead,1283
comput,1277
outsid,1276
presid,1269
east,1269
gari,1268
net,1265
write,1264
away,1256
transport,1255
old,1250
swap,1246
vacat,1242
facil,1241
nice,1241
standard,1224
ticket,1224
polici,1223
reflect,1222
tonight,1221
after,1220
hereto,1218
enjoy,1217
proceed,1215
larri,1215
sheet,1212
voic,1211
floor,1204
flow,1198
web,1194
model,1191
submit,1190
trip,1190
world,1186
cash,1184
york,1183
special,1178
peter,1177
million,1175
fix,1174
anyway,1174
appli,1171
demand,1170
stop,1167
board,1163
georg,1160
unless,1159
staff,1158
dissemin,1158
provis,1154
fun,1148
frank,1147
brian,1146
TX,1142
experi,1141
top,1140
success,1136
senior,1134
approach,1133
salli,1129
school,1127
commiss,1126
record,1126
seen,1122
asset,1117
transfer,1117
bank,1117
certain,1117
live,1117
ensur,1115
awar,1115
longer,1114
should,1111
fill,1110
releas,1110
sometim,1108
center,1107
tax,1105
doe,1104
asap,1102
transmiss,1102
key,1102
held,1101
serv,1099
accord,1094
noth,1094
glad,1094
major,1092
calendar,1091
paper,1088
exampl,1084
larg,1083
san,1083
load,1083
announc,1082
taken,1077
came,1075
small,1075
test,1074
steven,1073
hand,1072
click,1072
websit,1071
separ,1069
paid,1066
connect,1065
jennif,1065
ann,1063
fund,1063
instead,1060
town,1059
louis,1058
harri,1057
amend,1054
administr,1053
linda,1053
from,1052
identifi,1048
rule,1048
bad,1047
fee,1044
situat,1041
link,1039
rest,1039
act,1038
advanc,1035
OK,1033
took,1032
pm,1032
inc,1031
ken,1031
drive,1031
produc,1029
behalf,1027
CA,1025
famili,1020
invest,1020
attorney,1019
estim,1018
citi,1016
summari,1014
tim,1011
benefit,1009
bit,1007
resum,1006
settlement,1006
commod,1004
govern,1002
condit,1000
figur,998
expens,995
step,995
clair,994
save,992
learn,992
delay,991
stuff,989
regulatori,985
calcul,980
jason,978
weather,977
analysi,975
wholesal,974
met,974
quit,973
finish,968
touch,965
St,965
remov,963
clean,962
four,955
opinion,955
telephon,954
tel,952
travel,951
stephani,951
news,950
sens,949
technolog,949
IT,948
oblig,946
drew,945
ahead,944
quick,941
drop,940
stand,939
analyst,939
karen,937
summer,937
exchang,936
format,931
remind,931
altern,930
impact,930
caus,929
goe,927
pictur,927
electron,926
whole,926
signific,923
replac,921
south,920
obtain,919
rais,918
life,918
now,917
univers,917
role,916
memo,916
thoma,915
variou,915
statement,915
commit,913
third,913
balanc,912
arriv,912
mann,912
hello,911
folk,910
gave,910
committe,908
interview,906
plu,905
jan,904
explain,903
canada,901
who,895
thu,894
perhap,894
sheila,893
region,893
stephen,889
select,888
pull,886
similar,881
entir,881
protect,879
attent,878
cut,878
object,878
user,878
bid,877
invoic,873
reduc,873
central,873
wed,872
written,869
sourc,868
fall,866
cindi,864
guarante,863
light,861
grant,861
client,859
Ed,859
deriv,859
usual,858
holiday,858
brent,857
implement,856
content,854
abil,853
stock,851
lesli,850
quickli,849
fuel,848
hi,848
track,847
spreadsheet,846
don,845
express,843
spend,841
strategi,840
main,838
consult,838
across,837
nation,835
park,834
occur,832
kid,830
field,830
conveni,829
while,828
consist,827
lee,825
practic,825
resolv,824
TO,824
sincer,824
incorpor,823
focu,820
delainey,820
man,819
procedur,817
taylor,817
particular,816
sold,815
okay,815
stacey,812
simpli,811
roger,808
onc,807
attempt,806
code,802
sit,800
where,797
index,797
near,797
skill,796
matt,796
whatev,794
class,793
establish,793
saw,792
approxim,791
storag,790
watch,788
break,788
portland,787
wrong,787
previou,785
laura,783
function,783
fit,782
hit,780
input,780
guaranti,777
brown,776
forc,776
internet,775
explor,774
PG,773
oil,772
consider,772
jone,769
claim,768
especi,768
offici,767
regul,766
extend,766
andrew,766
front,766
unfortun,765
descript,765
unabl,762
janet,761
realiz,761
independ,759
doug,759
rob,758
articl,757
adjust,755
GE,755
excit,754
curv,752
receipt,751
robin,750
brief,750
suppos,749
network,748
econom,747
relationship,747
season,746
lost,745
depend,744
broker,744
box,743
vice,743
shirley,743
basic,741
verifi,740
difficult,739
normal,737
excel,736
alan,736
strong,735
sue,735
worth,734
hesit,734
hotel,733
andi,732
affect,731
PL,730
local,725
low,722
half,722
spot,719
charl,719
previous,718
davi,716
retain,716
solut,716
jay,714
kimberli,713
signatur,713
improv,712
describ,710
instruct,709
some,708
session,708
paragraph,707
welcom,707
card,706
partner,706
extens,705
carri,705
dollar,703
american,702
technic,701
confus,700
feedback,699
martin,698
retail,698
agent,698
traci,696
goal,695
whi,695
daniel,693
hunter,693
face,693
white,692
almost,691
hedg,690
gone,689
progress,689
train,688
topic,688
court,687
matthew,687
kathi,687
combin,687
averag,686
judi,683
push,682
collect,682
brenda,681
pat,680
critic,679
appar,678
privat,674
higher,674
apolog,671
fred,670
tanya,670
feder,669
walk,669
tabl,667
luck,667
download,667
loss,666
cooper,666
andrea,665
lay,664
europ,664
NY,663
annual,663
quot,662
contribut,662
competit,662
monthli,659
sarah,658
El,656
packag,656
construct,655
obvious,655
settl,653
countri,653
avoid,651
peak,651
addresse,650
equiti,650
press,648
chairman,648
employ,648
staci,647
alloc,646
liquid,646
stori,645
Of,642
roll,641
edward,640
turbin,639
ID,639
water,638
true,637
russel,636
tana,635
agenda,634
databas,633
revenu,630
shortli,629
worri,628
engin,627
five,624
sort,624
washington,624
donna,623
ted,621
titl,618
weekli,616
maintain,616
affair,615
seek,615
keith,614
joseph,613
paso,613
studi,613
publish,613
sharon,612
piec,612
car,612
outstand,611
maria,610
terri,610
choic,609
insur,608
permit,607
fulli,606
defin,606
bruce,605
rod,605
behind,604
extrem,602
lose,602
mom,601
among,601
chief,600
tariff,600
buyer,599
randi,597
then,596
pool,596
again,595
exclus,590
singl,589
doc,589
spread,589
catch,589
comfort,588
heather,587
recogn,586
congratul,584
ami,584
compar,583
herebi,582
exactli,582
own,582
outlin,581
seller,581
lower,581
girl,580
drink,580
suzann,580
conflict,579
thompson,578
six,578
pursu,578
hire,578
barbara,577
brad,576
owe,576
default,575
certainli,574
target,574
candid,573
easi,573
parent,571
choos,569
MW,568
jean,568
kelli,568
melissa,568
agenc,567
exhibit,567
duke,566
promot,565
lynn,565
toward,564
meter,564
anticip,563
size,562
password,562
sat,559
modifi,558
overal,558
challeng,557
austin,557
match,556
pend,556
embed,555
cap,555
noon,554
green,554
conduct,553
promis,552
intent,551
red,551
gather,550
qualiti,550
tie,550
exposur,550
nanci,549
moment,549
dale,549
monitor,548
carolyn,548
ext,547
equip,547
consum,545
exempt,543
shop,543
flight,541
favor,541
southern,540
portfolio,540
christoph,540
morgan,540
patti,540
rel,540
bought,539
evalu,538
wrote,537
barri,537
iso,536
portion,536
below,535
miller,534
edison,532
bryan,532
mine,531
king,531
enclos,531
highlight,530
advantag,530
christi,530
daren,527
rang,527
kitchen,527
referenc,527
particularli,526
both,526
allen,526
knowledg,525
quarter,523
air,522
toni,522
An,522
HR,521
space,521
bottom,521
middl,520
fail,520
becaus,519
cheryl,518
vote,516
doubl,516
mid,515
patrick,515
consent,514
ha,514
Or,513
sean,512
errol,511
appoint,510
measur,508
assess,507
chicago,506
window,506
recruit,506
black,505
recal,504
cancel,504
host,504
debbi,503
encourag,503
extra,501
profit,501
todd,500
more,499
win,499
dad,499
specialist,497
count,497
block,497
liabil,496
investig,496
chair,496
budget,496
hall,496
student,495
beth,495
cool,495
young,495
seat,495
deadlin,494
phil,493
damag,492
pursuant,492
engag,492
onli,492
profession,491
primari,489
hang,489
trust,488
interconnect,488
prioriti,487
road,487
integr,487
fli,487
pacif,485
certif,485
boy,484
SS,484
impress,484
becki,484
institut,483
accur,483
regist,482
craig,481
emerg,481
perspect,480
bankruptci,479
cross,479
wireless,479
formal,479
litig,478
id,477
PS,477
softwar,477
grow,476
forget,475
spent,474
OF,473
minimum,472
greater,472
elect,472
destroy,471
valid,471
histori,471
proprietari,471
earn,469
elimin,469
billion,469
babi,468
greatli,466
reliabl,465
disclos,465
known,464
instal,464
adam,464
kenneth,464
annex,464
factor,463
station,463
gain,462
effici,462
exercis,461
carlo,460
desir,458
circul,458
stanley,458
capabl,458
each,457
troubl,456
restrict,456
shelley,455
francisco,455
background,455
discount,454
max,454
often,454
forgot,454
resolut,454
focus,453
ron,452
christma,451
player,450
stan,449
neither,449
incom,448
Oh,447
bear,446
dec,446
pressur,446
germani,445
zero,444
accomplish,444
cathi,444
sherri,444
facilit,443
worksheet,443
kathleen,442
sun,441
huge,441
owner,441
iii,440
preliminari,440
log,440
specifi,440
ray,439
mobil,439
polit,439
assumpt,439
extent,438
dian,438
spring,438
advic,438
transit,437
food,437
confid,437
stuart,436
under,436
margin,436
entri,436
johnson,436
none,435
absolut,435
angela,435
round,434
brought,433
path,433
tool,431
leader,431
jerri,430
collater,429
growth,429
AT,429
regular,429
assur,428
tammi,428
minor,428
bond,428
winter,428
surpris,427
knew,427
fast,425
treat,425
easier,424
split,424
expir,424
nomin,423
screen,423
ship,423
feb,422
introduc,422
nelson,421
eat,421
funni,421
throughout,421
transmit,420
liz,419
concept,418
correctli,417
canadian,417
kept,417
subsidiari,416
simpl,416
further,415
VP,415
peggi,415
flexibl,415
most,414
investor,414
gerald,414
aris,413
ya,412
equal,411
speaker,411
automat,411
shown,410
expand,410
wife,410
fri,409
bet,409
stage,409
mistak,408
land,408
sleep,408
search,407
chart,407
store,406
correspond,406
dog,405
clarifi,405
theresa,405
IS,404
clearli,404
neg,404
IN,404
essenti,402
molli,402
gift,402
method,402
counti,401
yahoo,401
hot,401
achiev,400
dial,400
spoken,400
debt,400
reliant,400
jack,398
supplier,398
yeah,398
largest,398
denni,398
kerri,398
western,398
patricia,397
club,397
julia,397
jane,397
pipe,396
ceo,396
speed,396
personnel,396
heat,395
florida,395
ran,394
jurisdict,394
perfect,392
volatil,392
fundament,391
sandra,391
oppos,390
golf,390
familiar,390
broadband,390
insid,389
dana,389
fair,389
oct,388
imag,388
former,388
edit,388
blue,386
gotten,386
tue,386
jon,385
II,385
typic,385
mile,384
scope,384
ultim,383
beer,383
launch,382
suffici,382
cook,382
divis,382
strateg,382
argument,382
lack,382
eye,381
door,380
ii,380
fairli,377
moor,376
avenu,376
wall,376
insert,376
mexico,376
ryan,376
bed,376
manner,375
maureen,375
valuat,374
dick,374
profil,373
environ,373
forth,372
prevent,372
map,372
mon,372
sampl,372
logist,371
complianc,370
declin,369
kill,368
birthday,368
highli,368
histor,368
enabl,367
neil,367
earliest,366
legisl,366
dalla,365
northern,365
befor,365
rice,365
safe,365
kick,365
herein,365
Go,364
flat,364
denver,364
captur,364
god,363
kent,363
upcom,363
DC,363
memori,362
video,362
slow,362
christian,362
anytim,361
shipper,361
listen,360
disput,360
built,359
nov,359
consolid,359
veronica,359
forecast,358
beyond,358
tire,358
common,358
sweet,357
featur,357
multipl,356
instrument,355
bar,355
sander,354
seriou,353
restructur,353
danni,353
graduat,352
zone,352
educ,352
rep,352
mechan,351
UK,350
subsequ,350
hill,349
seri,349
accordingli,348
pager,348
fire,348
task,347
ground,347
merchant,347
eastern,347
unauthor,346
OR,345
ventur,345
hourli,345
rose,344
colleagu,344
doubt,344
rich,344
sentenc,343
excess,342
prompt,342
switch,341
registr,340
dutch,340
juan,340
ball,340
meantim,339
wood,338
sponsor,338
clark,338
shift,338
joint,337
auction,337
travi,336
van,336
constitut,336
copyright,335
conclus,335
somewher,335
howard,335
heart,335
experienc,335
suspect,334
loop,334
lou,333
easili,333
argu,333
river,333
gray,332
NO,332
martha,331
arnold,331
cal,331
chat,331
sam,331
crude,330
ten,330
career,330
sensit,330
rout,330
brother,330
veri,330
felt,330
imbal,327
maximum,326
significantli,326
server,326
substanti,326
coal,325
somewhat,325
acquir,324
fight,324
border,324
forum,324
loan,324
secretari,323
exact,323
draw,323
await,323
licens,323
her,323
burn,323
primarili,321
cent,321
ride,320
ignor,320
failur,320
anymor,320
wayn,320
guest,320
ellen,320
judg,318
whose,318
colleg,317
victor,317
rsvp,317
anderson,316
trigger,316
bass,316
angel,316
princip,315
column,315
dure,315
closer,315
beat,314
cynthia,314
quantiti,314
alon,314
calgari,314
subscrib,314
outlook,313
text,313
renew,313
acquisit,313
sick,313
virginia,312
ON,311
shot,311
attract,311
bodi,310
wa,310
crazi,310
entitl,310
merger,309
diana,309
loui,309
professor,308
imagin,308
straight,308
deposit,307
adopt,307
apart,307
faith,306
truli,306
explan,306
murphi,306
hub,305
foreign,305
lanc,305
estat,305
age,305
hate,304
refund,304
jordan,304
templat,304
prospect,303
audit,303
lorrain,303
thanksgiv,303
deni,303
footbal,303
son,303
we,303
la,302
shut,302
partnership,301
percent,301
reschedul,301
circumst,301
alex,300
reject,300
dow,299
metal,299
expans,299
chad,299
it,299
Co,298
began,297
hell,297
nearli,297
jackson,297
compon,297
proper,297
violat,296
boston,296
wide,296
overview,296
their,296
premium,296
expert,295
jump,295
award,295
Be,295
tough,295
greet,295
despit,294
die,294
shari,294
leadership,294
deem,294
darren,293
economi,293
enhanc,293
mother,293
prc,292
those,292
insight,292
claus,292
louisiana,291
nick,291
downtown,291
fortun,290
strike,290
kyle,289
threshold,289
onto,289
campbel,289
slide,289
coverag,289
airport,287
absenc,286
ward,285
jonathan,285
extern,285
conclud,285
mainten,284
survey,284
qualifi,284
samantha,284
airlin,284
lotu,284
jose,284
human,284
button,284
dept,283
frame,283
dougla,283
vicki,283
aspect,283
infrastructur,282
platform,282
complaint,281
perman,281
upgrad,281
teresa,281
satisfi,281
microsoft,281
rotat,281
duti,280
neal,280
lo,280
slightli,279
antonio,279
hurt,279
hyatt,279
crisi,278
beach,278
IF,278
health,278
environment,278
meant,278
lloyd,278
wilson,277
presto,277
wind,276
cheer,276
katherin,276
wire,276
sandi,276
swing,275
machin,275
cst,275
treatment,275
increment,274
evelyn,274
valuabl,273
rock,273
celebr,273
corner,273
tent,273
gentlemen,273
difficulti,273
rita,272
pete,272
photo,272
exceed,271
pack,271
float,271
arbitr,270
tab,270
blank,270
devic,270
ongo,270
reader,270
charli,270
manual,270
beauti,270
mcconnel,269
children,269
sooner,269
out,269
bunch,269
categori,268
raymond,268
prove,268
ross,267
solicit,267
understood,267
dedic,267
governor,267
compens,267
La,266
smtp,266
christin,266
tradit,266
lake,265
benjamin,265
summar,265
whenev,265
exclud,265
non,265
frequent,264
guid,264
monica,264
ene,264
lng,263
honor,263
kristin,263
european,263
phase,263
lie,263
et,263
currenc,263
audrey,263
numer,263
jodi,263
DA,262
justin,262
unlik,262
woman,262
doctor,262
degre,262
resid,262
cold,261
besid,261
minim,261
bailey,261
payabl,261
melinda,261
senat,261
thur,261
randal,261
margaret,261
continent,260
leas,260
mitch,260
inquiri,259
walter,259
poor,259
attack,259
reimburs,259
twice,259
penalti,259
union,259
grid,259
warn,259
media,259
southwest,259
refus,259
ownership,259
everybodi,258
complex,258
island,258
outag,257
clarif,257
wear,257
bridg,257
core,257
shoot,257
rank,257
pam,256
commission,256
women,256
mara,255
uniqu,255
panel,255
throw,255
accommod,255
breakfast,254
directori,254
glen,253
briefli,253
stewart,252
dawn,252
ass,252
evan,252
jacobi,252
properli,252
arm,252
newslett,252
CC,251
biggest,251
darrel,251
stick,250
sullivan,250
wade,250
shanna,250
cara,250
super,249
jeremi,249
fear,249
marcu,249
sister,248
diann,248
timothi,248
gregori,248
retir,248
anywher,248
convert,248
lynch,247
fourth,247
PX,246
favorit,246
men,246
stack,246
outcom,246
supervisor,246
acknowledg,246
broad,246
sheri,246
compil,245
columbia,245
led,245
contractu,245
demonstr,245
vega,244
chase,244
dean,244
walker,244
lobbi,244
jenni,243
row,243
regardless,243
over,243
lauri,243
incur,243
tour,243
comparison,243
exit,242
ladi,242
sept,242
shape,242
commenc,242
recov,242
attende,241
which,241
seminar,241
mess,241
taffi,241
gregg,241
surround,241
compet,241
wendi,240
reduct,240
instanc,240
japan,240
northwest,240
approx,239
foster,239
art,239
vehicl,238
talent,238
interact,238
eventu,238
dilig,238
pleasur,238
usa,237
underli,237
marc,237
offset,237
scenario,236
sector,236
alert,236
about,236
relianc,236
grab,236
colleen,236
paula,235
beck,235
jess,235
innov,235
sub,235
PA,235
wrap,235
becam,235
color,235
palmer,234
leg,234
pamela,234
repeat,234
derek,234
anthoni,233
sec,233
length,233
inquir,233
est,232
donald,232
chuck,232
NW,231
celest,231
lindi,231
gross,231
HE,231
boss,230
necessarili,230
mar,229
deregul,229
permiss,229
carolin,229
comprehens,229
delta,229
pennsylvania,228
ring,228
laugh,228
incorrect,228
tight,228
janin,228
ltd,228
suck,228
citizen,227
discov,227
till,227
trial,227
advertis,227
paulo,227
elig,227
diego,226
murray,226
interrupt,226
modif,225
motion,225
cycl,224
resend,224
predict,224
partial,223
solv,223
DO,223
gloria,223
convinc,223
brazil,223
hook,223
richter,223
suspend,223
restaur,222
coast,222
convey,222
wine,222
var,222
defens,221
desktop,221
buddi,221
expedit,221
aug,220
presenc,220
pain,220
mutual,219
mill,219
treasuri,219
kean,219
mix,219
rise,219
crack,219
deserv,218
jacki,218
mba,218
anita,218
jani,218
billi,218
angi,218
highest,217
preced,217
aggress,217
merril,217
admit,217
omaha,217
serious,216
lock,216
expertis,216
strip,216
brokerag,216
father,215
marti,215
henri,215
aggreg,215
rent,215
social,215
rush,215
monika,214
palo,214
dead,214
bradford,214
janett,214
sport,214
contractor,214
strongli,214
varieti,214
lewi,213
bullet,213
feet,213
notif,213
hunt,213
gordon,213
plane,212
percentag,212
Jo,212
dorothi,212
Re,212
district,211
catherin,211
consequ,211
joan,211
stress,211
sum,211
mountain,211
unclear,211
bonu,211
complain,211
patienc,211
subscript,211
reaction,211
plenti,210
janic,210
gate,210
recoveri,210
adequ,210
compli,210
deb,210
carl,210
resign,209
login,209
driver,209
seven,209
luci,209
amaz,209
marri,209
kindli,209
smile,208
suffer,208
fish,208
waiv,208
larger,208
complic,208
tiffani,208
bobbi,207
robertson,207
english,207
segment,207
movi,207
sharehold,206
diamond,206
shit,206
postmast,206
ident,205
guidanc,205
pulp,205
vincent,205
entertain,205
UT,205
CO,205
smaller,204
tech,204
rhonda,204
hodg,204
represent,204
hospit,203
implic,203
mat,203
intellig,203
observ,203
sap,203
awesom,202
domest,202
motiv,202
assembl,202
valley,202
heavi,202
declar,202
watson,202
methodolog,202
cob,202
colorado,202
formula,202
volunt,201
warrant,201
eight,201
janel,201
introduct,200
vari,200
wors,200
strength,200
presum,200
warm,200
mitig,200
transform,200
illinoi,200
folder,200
versu,199
bush,199
star,199
organiz,199
caught,199
memorandum,199
nicol,198
christina,198
thousand,198
labor,198
TV,198
appeal,198
withdraw,198
impos,198
sager,198
retent,198
interpret,198
formerli,198
spell,198
pro,197
membership,197
BE,197
enterpris,197
insist,197
fletcher,197
lawsuit,196
holli,196
husband,196
blow,196
municip,196
recept,196
escrow,196
hole,196
india,196
duplic,195
herman,195
fran,195
cute,195
ozzi,195
relief,195
dress,195
forster,195
waiver,195
spald,194
feed,194
ina,194
chip,194
megawatt,193
horton,193
examin,193
relax,193
usag,192
tori,192
fan,192
were,192
elli,192
theori,192
score,192
petit,192
fed,192
fletch,191
disappoint,191
notion,191
display,191
wit,191
alleg,190
reagan,190
anna,190
conni,190
broken,190
bonni,190
afraid,190
counter,190
output,190
excus,189
congest,189
bowl,189
toll,189
campu,189
richardson,189
teach,189
daughter,189
wolf,188
inde,188
amanda,188
defend,188
shelli,187
decreas,187
creation,187
proud,187
collin,187
criteria,187
Ph,187
durat,187
clay,187
melba,187
context,186
Mr,186
goldman,186
impli,186
leverag,186
departur,186
bag,186
bitmap,186
tower,186
tremend,186
optim,185
remaind,185
mostli,185
gulf,185
boyd,185
convent,185
supplement,185
cultur,185
fell,185
australia,184
hector,184
solid,184
smart,184
maker,184
baker,184
harrison,184
wast,184
joann,184
temporari,184
england,184
interst,183
rain,183
revers,183
cri,183
uncertainti,183
grate,183
slip,183
awhil,183
incred,183
roseann,183
roy,182
bother,182
justifi,182
pop,182
standpoint,181
sacramento,181
child,181
morri,181
ice,181
jill,181
dispatch,181
incent,180
commerc,180
barton,180
protest,180
analyz,180
midwest,180
until,180
brant,179
geoff,179
worldwid,179
Al,179
grace,179
anybodi,179
shapiro,179
deborah,179
verbal,178
browser,178
arthur,178
equival,178
asid,178
kati,178
inject,178
imposs,178
sharp,178
attribut,178
philipp,178
alberta,178
lesson,177
warranti,177
safeti,177
logic,177
edg,177
export,177
guidelin,177
ideal,177
steel,177
hair,177
too,176
opposit,176
magazin,176
stone,176
grade,176
worst,176
ton,175
vs,175
RE,175
cloth,175
dream,175
upstream,175
hundr,174
CT,174
PC,174
jen,174
inventori,174
disagre,174
ski,174
council,174
beverli,173
remot,173
blame,173
varianc,173
inclus,173
port,173
conserv,173
style,173
frustrat,173
sylvia,173
defer,173
garcia,172
bigger,172
campaign,172
workshop,172
tape,172
emiss,172
ralli,172
allianc,172
bug,172
farmer,172
petroleum,171
divid,171
rough,171
trend,171
marketplac,171
tva,171
kathryn,171
compressor,171
rocki,171
emili,171
SW,171
competitor,171
LA,170
lift,170
constraint,170
fare,170
contempl,170
journal,170
bless,170
digit,170
scale,169
itinerari,169
migrat,169
boat,169
paperwork,169
willi,169
coffe,169
tree,169
accuraci,168
winner,168
autom,168
RC,168
flag,168
aquila,168
rumor,168
refin,168
messeng,168
remedi,167
advisor,167
unlaw,167
cite,167
LC,167
wright,167
brett,167
MM,167
interfac,166
repair,166
conting,166
eta,166
queri,165
meredith,165
treasur,165
overnight,165
Jr,165
unifi,165
church,165
latter,165
tag,164
deep,164
proce,164
lawrenc,164
jana,164
manufactur,164
mac,164
russ,164
resort,163
reward,163
pilot,163
procur,163
aim,163
endors,163
bay,163
somehow,163
pertain,163
pace,163
eddi,162
somebodi,162
smoke,162
ought,162
truth,162
joke,162
forego,162
Ca,162
rodney,161
privaci,161
foundat,161
bell,161
ginger,161
meal,161
quarterli,161
disregard,161
arizona,161
simon,161
breach,161
cliff,161
jake,160
drill,160
MS,160
belong,160
element,159
megan,159
neighbor,159
ruth,159
bradley,159
domain,159
threaten,158
mere,158
interim,158
shoe,158
helen,158
hernandez,158
marsha,158
tara,158
legislatur,158
soft,158
northeast,158
nyc,158
creativ,158
lauren,158
urgent,157
correl,157
virtual,157
scare,157
argentina,157
born,157
weight,157
matrix,156
editor,156
woodland,156
laptop,156
cheap,156
broke,156
refresh,156
blast,156
luncheon,156
danc,156
salmon,156
dash,156
off,156
oak,156
WE,156
parker,155
tina,155
tip,155
influenc,155
ed,155
De,155
postpon,155
sad,155
peac,155
terribl,155
statist,154
palm,154
oh,154
unknown,154
anxiou,154
everyday,154
philip,154
vendor,154
jefferi,154
channel,153
suspens,153
shell,153
Am,153
death,153
ear,153
mass,153
meanwhil,153
war,153
tend,152
lend,152
substitut,152
reloc,152
kristi,152
obviou,152
robinson,152
variabl,152
hugh,152
BY,152
loretta,151
benefici,151
afford,151
movement,151
coral,151
debat,151
wow,151
truck,151
elsewher,151
earl,151
vol,151
shirt,151
bowen,151
congress,150
analyt,150
denis,150
curiou,150
yard,150
allan,150
maxim,150
cassandra,150
territori,150
superior,150
garag,150
medic,150
urg,150
congrat,150
reproduct,150
creek,149
setup,149
wake,149
principl,149
nobodi,149
race,149
consumpt,149
rex,149
claudia,149
NM,149
gap,149
lucki,149
ill,149
LP,149
cat,148
contest,148
carter,148
charter,148
chain,148
discrep,148
laurel,148
upset,148
vision,148
quiet,148
AA,148
enrol,148
ME,147
bundl,147
victoria,147
gang,147
le,147
clayton,147
meyer,147
ricki,147
same,147
surviv,147
perri,147
struggl,146
piper,146
vanessa,146
gen,146
donat,146
dude,146
nicki,146
possess,146
payrol,146
finger,145
crowd,145
pound,145
gold,145
spirit,145
thereof,144
consensu,144
ET,144
advers,144
submiss,144
oversight,144
garden,144
mouth,144
compress,144
thereaft,144
paig,144
tennesse,144
asia,143
basin,143
frazier,143
stabil,143
hr,143
joel,143
bright,143
tee,143
weak,143
dynam,143
curri,143
chemic,143
afterward,142
phoenix,142
through,142
simultan,142
slot,142
reveal,142
burden,142
lieu,142
advisori,142
whoever,142
fault,142
porter,141
tap,141
url,141
vernon,141
preserv,141
translat,141
medium,141
min,141
buck,141
lori,140
domin,140
wherebi,140
moran,140
marshal,140
gina,140
cdt,140
begun,140
roughli,140
henc,140
ashley,140
flash,140
traffic,140
shock,140
damn,140
cfo,140
lane,140
inconveni,140
concentr,139
hat,139
secret,139
ancillari,139
expos,139
chapter,139
prime,139
singapor,139
wharton,139
dramat,139
blvd,139
testimoni,139
PO,138
advoc,138
gallup,138
charlen,138
sierra,138
gabriel,138
hansen,138
PR,138
samuel,138
ontario,138
manipul,138
grand,138
brain,138
genia,138
reorgan,138
borrow,137
heidi,137
kenni,137
occas,137
creditor,137
jessica,137
ronald,137
laid,137
signal,137
clint,137
carr,137
crystal,137
eve,137
tune,136
warren,136
deleg,136
temp,136
faster,136
walton,136
allison,136
temperatur,136
orient,136
pitch,136
wanda,136
aliv,136
MD,136
erin,136
speech,136
academ,136
paraleg,136
odd,136
oregon,135
salari,135
squar,135
bu,135
carson,135
ole,135
wheel,135
worker,135
bulk,135
dark,135
sack,135
stuck,135
brand,134
discoveri,134
pledg,134
fuck,134
newli,134
restat,134
democrat,134
importantli,134
lender,134
CD,134
deduct,134
toronto,133
carolina,133
griffith,133
jesu,133
popular,133
kristen,133
aol,133
routin,133
accompani,133
nut,133
acceler,133
publicli,133
elain,133
audienc,133
forgotten,133
self,132
divers,132
liabl,132
prayer,132
allegheni,132
remark,132
feasibl,132
gail,132
pray,132
loos,132
such,132
norma,132
stanford,131
differenti,131
sach,131
glass,131
harvey,131
bandwidth,131
regret,131
olson,131
discret,131
illustr,131
otc,131
gene,131
huh,130
tamara,130
shout,130
bore,130
holden,130
verif,130
contrari,130
older,130
logo,130
rachel,130
rare,130
nine,130
fashion,129
honest,129
rental,129
grill,129
strang,129
bike,129
centuri,129
basebal,129
torrey,129
en,129
circl,129
destin,128
backup,128
butt,128
embarrass,128
menu,128
erik,128
horn,128
aid,128
shortag,128
alicia,127
trail,127
NE,127
qualif,127
british,127
republican,127
reform,127
staf,127
facsimil,127
Sr,127
dietrich,127
music,127
shorter,126
heavili,126
outsourc,126
rehear,126
virus,126
behavior,126
tweed,126
Up,126
jeani,126
docket,126
sustain,126
bound,126
scienc,126
weird,126
gilbert,125
mad,125
mcmahon,125
cobb,125
glenn,125
spec,125
down,125
es,125
paramet,125
alto,125
kiss,125
promptli,125
ref,125
penni,125
knock,125
had,125
regularli,124
georgia,124
incomplet,124
distanc,124
eas,124
derrick,124
citibank,124
certifi,124
ate,124
mexican,124
coach,124
command,123
giant,123
forev,123
stupid,123
tokyo,123
specul,123
stream,123
gov,123
flynn,123
leagu,123
harder,123
edmund,122
newspap,122
cordial,122
alter,122
retransmiss,122
increasingli,122
china,122
seattl,122
protocol,122
carla,122
ford,122
duran,122
concur,122
bennett,122
retriev,121
align,121
driven,121
plug,121
threat,121
charlott,121
delight,121
pure,121
judgment,121
relay,121
sydney,121
proof,121
mitchel,121
wave,121
mathew,121
yvett,121
conform,121
FT,121
glover,121
joyc,120
bottl,120
alright,120
iron,120
scan,120
merg,120
underway,120
upsid,120
dri,120
camp,120
alexand,120
greatest,120
resist,120
mandat,120
jimmi,119
warner,119
wild,119
yellow,119
inspect,119
lui,119
spike,119
decent,119
pig,119
ratio,119
faculti,119
matur,119
battl,119
mclaughlin,119
exhaust,118
indian,118
flower,118
koch,118
disclaim,118
anim,118
rusti,118
aircraft,118
techniqu,118
el,118
lindberg,118
portal,118
retroact,117
pattern,117
reg,117
unavail,117
jeann,117
compaq,117
fellow,117
counterpart,117
rene,117
keen,117
screw,117
tiger,117
band,117
bitch,117
substant,117
label,116
nativ,116
troy,116
elena,116
burton,116
brochur,116
nois,116
apr,116
atlanta,116
proven,116
zipper,116
joy,116
shawna,116
collabor,116
snow,115
belief,115
weigh,115
com,115
andersen,115
reuter,115
gerri,115
kirk,115
shawn,115
overhead,115
inch,115
jersey,115
configur,115
wellhead,115
mainli,114
earth,114
golden,114
viru,114
unusu,114
crash,114
repay,114
cheaper,114
residenti,114
wan,114
friendli,114
webb,114
salt,114
devil,114
framework,114
redraft,114
clement,114
franc,114
pocket,114
compris,113
dunn,113
lone,113
orlean,113
elev,113
rosi,113
distinguish,113
IV,113
oklahoma,113
iri,113
jere,113
conjunct,113
AS,113
gay,113
motley,113
furthermor,112
drunk,112
fulfil,112
con,112
fresh,112
realiti,112
MG,112
flip,112
smooth,112
withhold,111
elliott,111
ohio,111
DP,111
narrow,111
esq,111
secondari,111
SE,111
blair,111
merit,111
mason,111
thereto,111
packet,111
breakout,111
commentari,111
clinton,110
couch,110
assert,110
jun,110
identif,110
undertak,110
op,110
simul,110
fuller,110
spa,110
miami,110
civil,110
lowest,109
carmen,109
amoco,109
breath,109
sea,109
instant,109
german,109
moreov,109
benchmark,109
visa,109
casey,109
restor,109
IL,109
spare,109
martinez,109
spin,108
react,108
branch,108
omiss,108
chosen,108
appendix,108
freeman,108
oasi,108
easter,108
dot,108
philadelphia,108
reed,108
pierc,108
intervent,108
easiest,108
pari,108
popul,108
horribl,108
stretch,108
patterson,108
SO,108
hydro,107
dig,107
hast,107
dominion,107
girlfriend,107
japanes,107
harvard,107
offshor,107
kristina,107
agricultur,107
redmond,107
mallori,107
nat,107
cecilia,107
drag,106
shane,106
jefferson,106
fergu,106
breakdown,106
shower,106
pst,106
slight,106
radio,106
furnish,106
NA,106
uncertain,106
compromis,106
yolanda,106
plaza,106
th,106
enorm,106
tast,106
Me,106
tournament,106
dealt,106
rapidli,106
snack,106
strand,105
sing,105
boe,105
carrol,105
mcdonald,105
fox,105
subpoena,105
fifth,105
miguel,105
plate,105
rid,104
decad,104
phrase,104
bianca,104
annoy,104
jointli,104
gear,104
gateway,104
bryce,104
prevail,104
surfac,104
disrupt,104
baylor,104
danger,104
cant,104
envis,104
issuanc,104
katz,104
renegoti,104
spokesman,104
patient,104
Mo,104
mediat,104
pair,104
succeed,103
mathemat,103
prepay,103
climb,103
mandatori,103
kansa,103
archiv,103
dump,103
struck,103
surcharg,103
storm,103
oliv,103
attitud,103
carey,103
holder,103
yep,103
reiter,103
cabl,103
pep,103
lengthi,103
montana,102
amber,102
polic,102
blood,102
johnni,102
nuclear,102
slate,102
occasion,102
Dr,102
chamber,102
cocktail,102
graph,102
oral,102
dari,102
between,102
intercept,102
encount,102
brandon,102
teacher,102
nevada,101
hay,101
sir,101
iv,101
incorrectli,101
bullish,101
jaim,101
pinto,101
rio,101
piss,101
noel,101
constantli,101
fort,101
btu,100
recollect,100
deploy,100
theme,100
bert,100
extract,100
moniqu,100
Li,100
santa,100
omnibu,100
flaw,100
indirectli,100
britt,100
hectic,100
barn,100
camera,100
statut,100
norman,99
pose,99
gil,99
mccarti,99
lord,99
nail,99
notwithstand,99
downsid,99
stabl,99
neutral,99
compel,99
ldc,99
prudent,99
maggi,99
abus,99
booth,99
hung,98
shoemak,98
unwind,98
benson,98
bounc,98
concert,98
crandal,98
coo,98
mission,98
charact,98
casual,98
frankli,98
marilyn,98
erica,98
unbeliev,98
skip,98
desper,97
ave,97
orig,97
pan,97
suddenli,97
stronger,97
hardwar,97
texaco,97
upper,97
bracket,97
yield,97
MY,97
michigan,97
blackout,97
harold,97
elliot,97
upward,97
tear,97
mtg,97
fruit,96
vanc,96
printer,96
mode,96
verd,96
guard,96
evolv,96
constru,96
disast,96
crew,96
rapid,96
closur,96
sought,96
juri,96
isabel,96
enclosur,96
freak,96
forest,96
hull,95
distinct,95
bare,95
barrett,95
cole,95
ex,95
surplu,95
moder,95
sturm,95
perez,95
pie,95
dickson,95
mirror,95
asst,95
mainlin,95
bidder,95
lamb,95
downgrad,95
writer,94
void,94
pleasant,94
sex,94
empti,94
chick,94
bilater,94
librari,94
tenni,94
pierr,94
inabl,94
aime,94
regina,94
satisfactori,94
hamilton,94
patric,93
tricia,93
keynot,93
candac,93
lean,93
spanish,93
reev,93
song,93
sharron,93
suitabl,93
momentum,93
grown,93
yr,93
controversi,92
viabl,92
rodriguez,92
par,92
kara,92
abandon,92
forgiv,92
poll,92
reput,92
MC,92
jet,92
karla,92
ned,92
johnston,92
hurri,92
headquart,92
freight,92
kaufman,92
lastli,92
schneider,92
jenkin,91
demo,91
SF,91
akin,91
likelihood,91
atlant,91
mailbox,91
modul,91
vital,91
southeast,91
overse,91
elsa,91
ion,91
curtail,91
silent,91
vicker,91
Lu,91
telecommun,91
orang,91
vladimir,91
attn,90
moral,90
chose,90
caution,90
duncan,90
sutton,90
ugli,90
cherri,90
surgeri,90
similarli,90
premier,90
courier,90
berkeley,90
wise,90
chapman,90
dual,90
mack,90
militari,90
slept,90
healthi,90
tran,90
nonetheless,90
height,90
pearc,90
colin,89
unaccept,89
scene,89
stood,89
footnot,89
NJ,89
collaps,89
puerto,89
apb,89
MK,89
nearbi,89
osman,89
latin,89
hardi,89
reliev,89
annuiti,89
bull,89
corrupt,89
bold,89
fenc,89
richmond,89
reconcil,89
drove,89
pdt,89
expenditur,89
bird,88
swamp,88
exec,88
paint,88
jami,88
squeez,88
foot,88
yoder,88
interven,88
icon,88
eager,88
internship,88
tank,88
optimist,88
arena,88
GO,88
steak,88
transpar,87
eva,87
fantast,87
harbor,87
nervou,87
printout,87
barnett,87
jorg,87
depth,87
massiv,87
dealer,87
edith,87
sight,87
unchang,87
felicia,87
rev,87
shannon,87
graphic,87
escap,87
concurr,87
indemn,87
kirbi,87
cox,87
cargo,87
streamlin,87
bjorn,87
injuri,87
alexandra,87
cameron,87
vinson,87
economist,86
tommi,86
accid,86
inclin,86
multipli,86
forthcom,86
plead,86
JP,86
unsur,86
harlan,86
expressli,86
AG,86
dictat,86
inappropri,86
passeng,86
nyse,86
alma,85
headcount,85
grave,85
ana,85
stakehold,85
inconsist,85
natali,85
humor,85
yell,85
precis,85
rub,85
turkey,85
victori,85
banker,85
schroeder,85
hide,85
josh,85
courtesi,85
government,85
stearn,85
nichola,85
lien,85
recap,85
truste,85
simplifi,85
dozen,85
emphasi,84
opt,84
DB,84
sink,84
lang,84
downstream,84
alli,84
realist,84
guarantor,84
dispos,84
mount,84
meaning,84
neck,84
parkway,84
uncomfort,84
fischer,84
pour,84
daddi,84
editori,84
minist,84
penn,83
agreeabl,83
curti,83
honestli,83
SP,83
toy,83
broader,83
baxter,83
tier,83
delawar,83
scream,83
root,83
ronni,83
constel,83
defect,83
honey,83
absent,83
therebi,83
fallen,83
french,83
intellectu,83
tracey,83
gun,83
dismiss,82
fraser,82
westinghous,82
mississippi,82
affirm,82
kinder,82
bernic,82
merri,82
anniversari,82
incid,82
analog,82
chill,82
teeth,82
perkin,82
championship,82
stamp,82
incumb,82
farm,82
adult,82
phd,82
societi,82
stake,82
emphas,82
clerk,82
inn,82
visitor,82
SA,82
schultz,82
stranger,82
regenc,82
strengthen,82
visibl,82
recognit,82
shore,81
moodi,81
ibm,81
accru,81
mariann,81
AN,81
offens,81
gore,81
underwrit,81
villag,81
kennedi,81
extraordinari,81
ian,81
MA,81
up,81
into,81
ratepay,81
dori,80
shake,80
twenti,80
erni,80
worthwhil,80
stoke,80
televis,80
header,80
unreason,80
spencer,80
motor,80
GD,80
stark,80
deliver,80
desert,80
plain,80
festiv,80
cake,80
fiscal,80
garner,80
devot,80
freedom,80
AZ,79
brook,79
asleep,79
pant,79
nevertheless,79
prize,79
oop,79
cellular,79
wash,79
fat,79
intens,79
pin,79
checkout,79
knight,79
spark,79
aw,79
midnight,79
ramona,79
pump,79
lehman,79
film,79
quantit,79
tactic,79
dolor,79
ridicul,79
esp,79
bedroom,79
overrid,79
norm,79
gasolin,79
harm,78
serial,78
wisconsin,78
garrett,78
apt,78
highway,78
venu,78
orlando,78
drug,78
luce,78
stipul,78
cari,78
whitehead,78
gmt,78
royal,78
compos,78
wholli,78
minu,78
barney,78
andr,78
neighborhood,78
patel,78
dell,78
steam,78
NT,78
dine,78
volumetr,78
cantrel,78
liter,77
exce,77
arbitrag,77
alumni,77
stab,77
outing,77
modern,77
nerv,77
nebraska,77
drawn,77
plaintiff,77
placement,77
legitim,77
plastic,77
Ex,77
math,77
geograph,77
fallon,77
jare,77
campo,77
govt,77
champion,77
adapt,77
thoroughli,77
lara,77
cure,77
kinda,77
needless,76
reluct,76
willing,76
constant,76
comp,76
ceas,76
beneficiari,76
character,76
gonzal,76
enthusiast,76
omit,76
terrorist,76
mont,76
roman,76
imper,76
sophist,76
equat,76
walt,76
victim,76
escal,76
franci,76
overwhelm,76
collar,76
FL,76
flood,76
scroll,76
RT,76
bucket,76
marathon,76
endeavor,76
outfit,76
courtney,76
successor,76
landscap,76
monet,76
keller,76
sail,75
ethic,75
proposit,75
parallel,75
BA,75
edt,75
butler,75
alabama,75
jacquelin,75
script,75
cruis,75
thrill,75
threw,75
disconnect,75
administ,75
marcia,75
bridget,75
prentic,75
brazilian,75
kurt,75
marin,75
chicken,75
lab,74
julian,74
coincid,74
rasmussen,74
bench,74
irena,74
secondli,74
supposedli,74
pr,74
fulton,74
semest,74
classic,74
huber,74
coleman,74
RH,74
navig,74
valeri,74
reconsid,74
graham,74
hereund,74
waco,74
binder,74
needl,74
dina,74
been,74
greenberg,74
smoothli,73
albani,73
betti,73
ste,73
hess,73
boyfriend,73
canyon,73
junior,73
bake,73
manhattan,73
shoulder,73
pad,73
essenc,73
asian,73
coalit,73
unlimit,73
oscar,73
permian,73
clock,73
scheme,73
hawkin,73
ravi,73
moon,73
bath,73
angl,73
earnest,73
peer,73
ace,72
unfair,72
levi,72
gareth,72
basketbal,72
pertin,72
overcom,72
hoffman,72
emot,72
madison,72
co,72
eileen,72
clem,72
exam,72
gonzalez,72
dirti,72
summit,72
mood,72
bathroom,72
freez,72
entranc,72
transcript,72
seal,72
sandwich,71
stella,71
aaron,71
loud,71
wherea,71
blanket,71
su,71
lap,71
satisfact,71
rider,71
cooki,71
blake,71
preciou,71
tawney,71
carlson,71
boon,71
boot,71
resent,71
fluctuat,71
bud,71
UP,71
swift,71
interfer,71
clip,71
africa,71
mcgowan,71
parquet,71
coke,71
whichev,71
burlington,71
robust,71
typo,71
chines,71
auto,71
hug,71
scari,71
eugen,71
calm,71
avg,70
bye,70
resel,70
holm,70
stadium,70
inadvert,70
shipment,70
broadcast,70
tail,70
chronicl,70
bean,70
trick,70
smell,70
itali,70
coven,70
AB,70
zip,70
felip,70
scoop,70
mo,70
alamo,70
headlin,70
thirti,70
birth,70
rebook,70
crap,70
gentleman,70
mous,70
characterist,70
krishna,70
st,70
ralph,70
tender,70
scratch,70
cambridg,69
constrain,69
leonardo,69
stare,69
kori,69
unpaid,69
credibl,69
alarm,69
exot,69
symbol,69
lillian,69
timet,69
formul,69
gwyn,69
slowli,69
cup,69
prod,69
bout,69
beaver,69
om,69
carrier,69
SC,69
wallet,69
spous,69
owen,69
fatal,69
swim,69
consecut,69
blew,69
karl,69
viewer,69
femal,69
fleme,69
hardli,68
del,68
shelbi,68
nguyen,68
lodg,68
darla,68
invent,68
wallac,68
liberti,68
render,68
amelia,68
adob,68
shed,68
hammer,68
bankrupt,68
sleev,68
readili,68
signatori,68
uncl,68
bart,68
kern,68
RR,68
australian,68
coastal,68
acrobat,68
circuit,68
clue,68
valv,68
worthless,68
unnecessari,68
percept,68
temporarili,68
matern,68
phi,68
armstrong,68
urgenc,68
pride,67
evergreen,67
franklin,67
groceri,67
everywher,67
substanc,67
davidson,67
be,67
rhett,67
miscellan,67
fowler,67
closest,67
elabor,67
vest,67
dupont,67
thorough,67
letterhead,67
pile,67
herod,67
temper,67
chevron,67
vagu,67
calif,67
revisit,67
joya,67
fielder,66
toler,66
haul,66
sky,66
ranch,66
bulletin,66
interv,66
notabl,66
malcolm,66
beg,66
argentin,66
preclud,66
illeg,66
certainti,66
silver,66
mental,66
divorc,66
cream,66
buchanan,66
cromwel,66
handi,66
unsuccess,66
mccoy,66
ramp,66
slower,66
grew,66
puppi,66
hawaii,66
sentiment,66
shine,66
bite,66
thane,66
nora,66
wet,66
overlook,66
alvarez,66
edi,66
tube,65
outright,65
midway,65
appris,65
admiss,65
therein,65
burk,65
furnitur,65
kimberle,65
chairperson,65
disk,65
thin,65
clariti,65
bureau,65
guerrero,65
gleason,65
thoreau,65
lamar,65
fewer,65
epa,65
lincoln,65
mysteri,65
accumul,65
frequenc,65
analys,65
susi,65
cpr,65
evil,65
lydia,65
cast,65
mario,65
disciplin,65
proxi,65
mortgag,65
pub,65
mall,65
clara,65
bone,65
boost,65
VA,64
obstacl,64
reconcili,64
audio,64
adventur,64
iowa,64
deviat,64
melani,64
concess,64
pickup,64
wang,64
basket,64
tobi,64
roberto,64
barrel,64
steadi,64
walli,64
mccullough,64
surg,64
no,64
oversea,64
uniform,64
accrual,63
subcommitte,63
costli,63
baldwin,63
blend,63
questionnair,63
bail,63
ch,63
auditor,63
wisdom,63
turner,63
discharg,63
discourag,63
hike,63
tone,63
vast,63
grove,63
museum,63
amen,63
abramo,63
lump,63
frozen,63
gomez,63
rocket,63
dust,63
marvin,63
twist,63
stat,63
clarissa,63
tyler,62
indiana,62
deepli,62
unawar,62
mckay,62
jae,62
variat,62
clearer,62
val,62
calend,62
interoffic,62
steer,62
macro,62
empir,62
dyer,62
crucial,62
doyl,62
nathan,62
pet,62
ordinari,62
envelop,62
justic,62
mechel,62
spain,62
bomb,62
isol,62
rudi,62
shortfal,62
gym,62
comm,62
checklist,62
halloween,62
dish,62
jarrod,62
em,62
trey,62
random,62
jacob,62
jerk,62
sake,61
chen,61
albert,61
craft,61
hong,61
rodeo,61
thor,61
misti,61
kelley,61
OH,61
rec,61
likewis,61
taught,61
inspir,61
liar,61
ridg,61
turnaround,61
meat,61
pizza,61
hood,61
detect,61
AP,61
panhandl,61
dip,61
lyon,61
yea,61
antitrust,61
eel,61
espinoza,61
defici,61
soccer,61
crimin,61
buzz,61
string,61
overlap,61
alonso,60
fraud,60
perfectli,60
merci,60
tini,60
unus,60
friendship,60
trevino,60
annot,60
tenn,60
custodi,60
acr,60
cooler,60
roster,60
lon,60
Si,60
donovan,60
suarez,60
ration,60
joey,60
restart,60
chees,60
connecticut,60
bryant,60
idiot,60
um,60
deliber,60
Ha,60
reyna,60
cow,60
grass,60
vessel,60
jul,60
midst,60
chocol,59
humbl,59
israel,59
hors,59
revolv,59
pc,59
darlen,59
conscienc,59
lopez,59
worthi,59
bubbl,59
wagner,59
voluntari,59
ocean,59
fabul,59
marriott,59
pine,59
joni,59
heck,59
pinnacl,59
pittsburgh,59
broaden,59
male,59
unilater,59
deer,59
theoret,59
invalid,59
bargain,59
rees,59
magic,59
justif,59
rs,59
nobl,59
markup,59
merced,59
cousin,59
vivian,59
hal,59
blind,59
para,59
whatsoev,59
commonwealth,59
cline,58
unregul,58
georgeann,58
rival,58
preston,58
quotat,58
capitol,58
cloud,58
stem,58
wheatland,58
cab,58
clearanc,58
defeat,58
griffin,58
duan,58
requisit,58
monopoli,58
thrown,58
heaven,58
stall,58
massag,58
ineffici,58
pioneer,58
sugar,58
berri,58
intercontinent,58
depress,58
guillermo,58
intrast,58
penman,58
EA,58
ST,58
explicitli,58
fitzgerald,58
salad,58
medicin,58
potato,58
knee,58
appl,58
absorb,58
diagram,58
soar,58
punch,57
wing,57
ponder,57
valentin,57
NC,57
rico,57
proport,57
unexpect,57
barbour,57
revert,57
pollut,57
watt,57
suprem,57
christa,57
visual,57
amort,57
persuad,57
porch,57
albuquerqu,57
residu,57
doorstep,57
evidenc,57
fiber,57
intel,57
cabinet,57
russian,57
marcelo,57
kendal,57
recours,57
batch,57
punish,57
kong,57
explos,57
router,57
reunion,56
bump,56
raw,56
rodriquez,56
offend,56
occurr,56
rescu,56
sixth,56
republ,56
coat,56
cum,56
jolli,56
cayman,56
presidenti,56
do,56
throughput,56
puget,56
referr,56
franchis,56
marlen,56
trademark,56
shorten,56
bypass,56
shield,55
invok,55
sage,55
bland,55
wider,55
suffic,55
GA,55
workout,55
shame,55
kayn,55
persist,55
explod,55
simmon,55
quietli,55
egg,55
fin,55
neglig,55
leach,55
climat,55
badli,55
twelv,55
sponsorship,55
cough,55
tackl,55
bernadett,55
kaiser,55
recip,55
bearish,55
aron,55
DJ,55
maxwel,55
stomach,55
paycheck,55
wont,55
diseas,55
gretchen,55
ceremoni,55
lindsay,55
startup,55
beef,55
satellit,55
disappear,55
rebuild,55
joshua,55
duck,55
famou,55
hart,55
shutdown,55
glanc,54
discontinu,54
bonus,54
haircut,54
panda,54
lesser,54
lobbyist,54
picker,54
powel,54
caribbean,54
skeptic,54
marriag,54
hilari,54
younger,54
inevit,54
admir,54
priorit,54
lin,54
toss,54
reid,54
devis,54
clifford,54
rational,54
aluminum,54
builder,54
beverag,54
baltimor,54
grad,54
mauricio,54
bentley,54
factori,54
kari,54
lb,54
ir,54
mover,54
corri,54
perceiv,54
workforc,54
supervis,54
italian,54
ts,54
harass,53
handout,53
abel,53
nasdaq,53
genuin,53
abov,53
strickland,53
NP,53
pa,53
accus,53
flore,53
prep,53
mona,53
lectur,53
surprisingli,53
irma,53
kingdom,53
lester,53
distributor,53
ibrahim,53
disagr,53
disadvantag,53
TD,53
wound,53
bailout,53
chi,53
hank,53
williamson,53
inher,53
nap,53
equit,53
huang,53
loser,53
bibi,53
exploit,53
leak,53
upload,53
kit,53
BC,53
rorschach,53
alberto,52
inflat,52
boardroom,52
irvin,52
enthusiasm,52
gambl,52
gibb,52
marisa,52
barrier,52
airfar,52
photograph,52
chandler,52
recreat,52
meaningless,52
killer,52
jacket,52
HP,52
copper,52
koenig,52
candi,52
novel,52
mi,52
contributor,52
ruin,52
alpha,52
tighten,52
cautiou,52
platter,52
distil,52
atti,52
apollo,52
accident,52
refineri,52
statutori,52
dividend,52
ascertain,52
wax,52
fwd,52
evolut,52
promissori,52
withheld,52
JV,52
myer,52
caption,52
camil,52
intermedi,52
minnesota,52
luxuri,52
fountain,52
joani,52
ticker,52
MO,52
eagl,51
jail,51
politician,51
harper,51
angri,51
armi,51
chariti,51
dessert,51
cater,51
pretend,51
explicit,51
AL,51
trim,51
someday,51
lucent,51
quinn,51
sand,51
passion,51
inact,51
ricardo,51
ram,51
synergi,51
brainstorm,51
disturb,51
testifi,51
federico,51
winston,51
laird,51
pablo,51
HI,51
muriel,51
zachari,51
fest,51
cumul,51
funer,51
patch,51
compat,50
thermal,50
nationwid,50
longhorn,50
crawford,50
neglect,50
buri,50
chest,50
nope,50
crane,50
entireti,50
gentl,50
batteri,50
silli,50
boilerpl,50
issuer,50
coop,50
cart,50
corey,50
keegan,50
concret,50
trillion,50
atmospher,50
rude,50
steep,50
dustin,50
roommat,50
wherev,50
SB,50
bishop,50
hobbi,50
discrimin,50
suspici,50
howdi,50
ballot,50
yvonn,50
terrif,50
quicker,50
lynda,50
wong,50
milli,50
arkansa,50
incident,50
tailor,50
sanchez,49
entail,49
decor,49
conced,49
fool,49
compliment,49
passag,49
fals,49
than,49
oppon,49
nose,49
unanim,49
liber,49
swiss,49
pot,49
bend,49
cyndi,49
fay,49
holst,49
ingrid,49
apprais,49
wipe,49
powder,49
warehous,49
arguabl,49
leon,49
bachelor,49
sanction,49
modest,49
hurrican,49
junk,49
sherman,49
swig,49
roof,49
korea,49
recoup,49
lag,49
filter,49
margarita,49
phylli,49
whip,49
buckley,48
composit,48
strain,48
petrochem,48
boulevard,48
devon,48
excerpt,48
hungri,48
rawson,48
pencil,48
patent,48
galleria,48
architectur,48
shotgun,48
tall,48
ban,48
factual,48
unpreced,48
woodi,48
bate,48
oracl,48
longest,48
leonard,48
hogan,48
carv,48
fiona,48
townsend,48
Mt,48
takeov,48
taft,48
sausag,48
outrag,48
dumb,48
bret,48
eugenio,48
hassl,48
insan,48
anonym,48
unwil,48
tragedi,48
abbrevi,48
inexpens,48
disposit,48
horizon,48
keenan,48
nikki,48
altogeth,48
gut,48
household,48
landwehr,48
newest,48
daylight,48
wyom,48
passport,48
leah,47
contrast,47
creditworthi,47
blotter,47
Ya,47
utah,47
incept,47
miser,47
marco,47
curt,47
bust,47
tongu,47
neat,47
firmli,47
abstract,47
mauric,47
LB,47
corn,47
exxon,47
fever,47
in,47
robbi,47
magnitud,47
lora,47
re,47
abc,47
modem,47
salomon,47
wk,47
auburn,47
airplan,47
venezuela,47
miner,47
strict,47
netscap,47
injunct,47
BS,47
cedric,47
kinney,47
wealth,47
enemi,47
queue,47
gu,47
ali,47
margi,47
queen,47
emeri,47
tod,47
nasti,47
henderson,47
bow,47
promin,47
dalton,47
warwick,47
icc,47
holland,47
burger,47
recess,47
sore,47
marcello,47
ceil,47
conceptu,47
replic,47
parson,46
subsidi,46
lorna,46
systemat,46
whine,46
Rd,46
ambiti,46
hanson,46
cubic,46
payn,46
cone,46
blanca,46
sudden,46
founder,46
prototyp,46
rip,46
iren,46
contend,46
vulner,46
statesman,46
aleck,46
voter,46
fedex,46
caller,46
brennan,46
douglass,46
payout,46
chao,46
shuttl,46
transmitt,46
trace,46
landri,46
mm,46
spill,46
matthia,46
catalog,46
tripl,46
PT,46
eduardo,46
philosophi,46
pagan,46
rehears,46
metric,46
moss,46
hudson,46
synthet,46
immigr,46
deirdr,46
darin,46
deficit,46
cpa,46
journey,46
heal,46
pink,46
allegedli,46
diversifi,46
staffer,46
vet,46
rabi,46
dietz,46
petersen,46
bia,46
buffalo,46
bernstein,46
diffus,46
prop,46
ministri,46
homework,46
gallon,46
blown,46
unintend,46
mega,46
lawmak,45
oslo,45
undergradu,45
dawson,45
diesel,45
indirect,45
abraham,45
linnel,45
newer,45
toilet,45
captain,45
allyson,45
radar,45
rearrang,45
grandfath,45
destruct,45
mayor,45
sneak,45
upstair,45
bolt,45
idaho,45
roan,45
shaw,45
problemat,45
sharpli,45
insult,45
spear,45
dee,45
WA,45
gavin,45
hilton,45
northwestern,45
regain,45
inez,45
galleri,45
snyder,45
umbrella,45
deeper,45
recur,45
acton,45
hurdl,45
broadway,45
CV,45
fantasi,45
strongest,45
champagn,45
cleveland,45
kentucki,45
GP,45
aunt,45
improp,45
scientif,45
trap,45
mendoza,44
alcohol,44
alvin,44
insuffici,44
compliant,44
rm,44
mead,44
tenur,44
wage,44
occident,44
damon,44
imperi,44
jessi,44
assigne,44
encompass,44
omar,44
weldon,44
amus,44
badg,44
whomev,44
bradi,44
distract,44
renam,44
weaken,44
subsid,44
scholarship,44
rosemari,44
len,44
instantli,44
grandma,44
shi,44
stout,44
deck,44
quest,44
soul,44
withdrawn,44
mileston,44
amongst,44
downstair,44
leaf,44
gustavo,44
hog,44
fate,44
planner,44
connor,44
meagan,44
stanton,44
singer,44
bolton,44
gayl,44
toe,44
sterl,44
stair,44
liquor,44
solar,44
african,44
rafael,44
erika,44
brush,44
workabl,44
disgust,44
reinforc,44
repeatedli,44
cotton,44
sweeney,44
indemnifi,44
risen,43
combust,43
ale,43
against,43
charm,43
workplac,43
premis,43
quantifi,43
enact,43
albeit,43
californian,43
brilliant,43
notebook,43
viabil,43
nigel,43
schwartz,43
brewer,43
yoga,43
weaker,43
cori,43
valeria,43
donahu,43
cleaner,43
processor,43
embassi,43
layoff,43
reginald,43
reconfirm,43
vaughn,43
taker,43
nell,43
soup,43
alic,43
boil,43
tweak,43
geneva,43
reinstat,43
peterson,43
eh,43
fbi,43
intermediari,43
pen,43
silenc,43
stumbl,43
hollywood,43
scrambl,43
reset,43
ballroom,43
virtu,43
invite,43
ash,43
donni,43
aaa,43
intra,42
drank,42
surf,42
tunnel,42
diet,42
adjourn,42
leann,42
westbrook,42
lame,42
articul,42
theater,42
mercantil,42
easement,42
windfal,42
alfr,42
rebat,42
poorli,42
lion,42
swept,42
ambigu,42
rockey,42
reciproc,42
sid,42
panelist,42
niagara,42
prematur,42
woke,42
vi,42
panic,42
undermin,42
greek,42
inadequ,42
kenton,42
marquez,42
monetari,42
appetit,42
downward,42
roland,42
infect,42
mors,42
mckinney,42
aka,42
rey,42
converg,42
sunni,42
depreci,42
tampa,42
schmidt,42
blain,42
starter,42
cancer,42
stochast,42
byron,42
complimentari,42
maryland,42
forese,42
belt,42
lexi,42
SD,42
fleet,42
cohen,42
tulsa,42
fisher,42
wheeler,42
detroit,41
precipit,41
disburs,41
retreat,41
intact,41
skyrocket,41
recit,41
lifetim,41
mellon,41
rig,41
affidavit,41
token,41
prais,41
discretionari,41
emma,41
farrel,41
grasp,41
agav,41
yike,41
mock,41
inactiv,41
condo,41
stimul,41
flame,41
massachusett,41
titan,41
flew,41
crush,41
brutal,41
barb,41
scrutini,41
redistribut,41
hammond,41
consortium,41
dreyfu,41
diminish,41
redund,41
pit,41
pork,41
buyback,41
deterior,41
nichol,41
mil,41
jam,41
scribner,41
meg,41
hawker,41
esther,41
scrap,41
juic,41
fritz,41
artist,41
classifi,41
tropic,41
GM,41
optic,41
friedman,41
undertaken,41
profess,41
gupta,41
compound,41
cheat,41
jeanett,41
bloom,41
trash,41
hedi,41
claudett,41
adher,41
snapshot,41
etern,41
ck,41
conven,41
him,41
preview,41
rt,41
unrel,41
wreck,41
ava,41
twin,41
casino,41
forfeit,40
rockford,40
dixon,40
hoc,40
overli,40
russia,40
doll,40
sureti,40
pronounc,40
Ms,40
herd,40
adjac,40
immun,40
cowboy,40
crunch,40
torr,40
montreal,40
poi,40
pasadena,40
delaney,40
oldest,40
shea,40
array,40
abund,40
milk,40
lucr,40
sacrific,40
shepherd,40
widen,40
nurs,40
habit,40
hazard,40
duffi,40
bread,40
laundri,40
repurchas,40
halt,40
elementari,40
blumenth,40
behav,40
eras,40
boom,40
necess,40
outgo,40
plot,40
EU,40
dimens,40
midpoint,40
grossman,40
alaska,40
viewpoint,40
misplac,40
proactiv,40
Le,40
sabra,40
ferri,40
hydroelectr,40
portabl,40
resembl,40
columbu,40
reportedli,40
tuition,40
reproduc,40
missouri,40
figueroa,40
BR,39
nfl,39
voluntarili,39
marsh,39
bang,39
felix,39
loung,39
psycholog,39
anni,39
spokeswoman,39
tailgat,39
mcbride,39
erwin,39
happili,39
glendal,39
swain,39
nake,39
pac,39
digest,39
carnegi,39
divest,39
waiter,39
terminolog,39
caveat,39
ala,39
taxpay,39
tucker,39
provinc,39
hap,39
commut,39
stockhold,39
parcel,39
snap,39
sayr,39
navi,39
rodolfo,39
consequenti,39
cabin,39
practition,39
SM,39
dirt,39
artifici,39
riley,39
html,39
reachabl,39
debit,39
prudenti,39
regim,39
raimund,39
burst,39
crime,39
embarcadero,39
redeploy,39
acct,39
vertic,39
SJ,39
KR,39
lorenz,39
seemingli,38
monterrey,38
FM,38
ortiz,38
judici,38
muscl,38
hydrocarbon,38
repaid,38
payback,38
goldberg,38
mgr,38
sexual,38
EC,38
mild,38
sulfur,38
alison,38
partli,38
hereof,38
upfront,38
cristina,38
dentist,38
leo,38
vallejo,38
unveil,38
unfold,38
blackberri,38
congression,38
era,38
beta,38
crow,38
expiri,38
pal,38
heath,38
unix,38
seed,38
prison,38
denial,38
chef,38
deputi,38
herbert,38
intro,38
nova,38
aros,38
ogden,38
dimitri,38
tangibl,38
religi,38
cluster,38
stun,38
misunderstand,38
marguerit,38
realloc,38
sitter,38
discard,38
riski,38
propan,38
injur,38
rust,38
workload,38
ebb,38
mislead,38
tan,38
hockey,38
ignacio,38
kirsten,38
ballpark,38
marci,38
amazon,38
hadley,38
cope,38
pearson,38
baton,38
oakland,38
fabric,38
roug,38
grandmoth,38
ric,37
lpg,37
postur,37
guilti,37
throat,37
divestitur,37
bldg,37
xma,37
ranger,37
disabl,37
hitchcock,37
gamma,37
revok,37
kerr,37
forbidden,37
outdoor,37
lumber,37
peco,37
samson,37
endless,37
bloomfield,37
yo,37
polish,37
doabl,37
minneapoli,37
rosalinda,37
font,37
QB,37
rome,37
sheridan,37
occupi,37
invalu,37
stein,37
drastic,37
def,37
boundari,37
drift,37
contin,37
inlet,37
addendum,37
muller,37
dillon,37
gig,37
scrub,37
ail,37
Ag,37
iou,37
realign,37
unsecur,37
shrink,37
claud,37
christ,37
ampl,37
luke,37
straighten,37
skin,37
ditto,37
mistaken,37
cove,37
bruno,37
brunch,37
resal,37
cb,37
toma,37
rectifi,37
calibr,37
bizarr,37
occup,37
sprint,37
solo,37
headach,37
jazz,37
edwin,37
cedar,36
unload,36
rae,36
saunder,36
sergio,36
dare,36
bernard,36
torch,36
coupon,36
massey,36
globe,36
unlead,36
redwood,36
cajun,36
slaughter,36
hitch,36
bleed,36
dorsey,36
span,36
princeton,36
seiz,36
homer,36
architect,36
ernst,36
josey,36
lynnett,36
guru,36
rack,36
donaldson,36
terror,36
jewel,36
spur,36
supersed,36
newark,36
bummer,36
gibson,36
ding,36
margo,36
cunningham,36
disney,36
intrigu,36
goug,36
bambi,36
automobil,36
dive,36
darn,36
steal,36
breast,36
glitch,36
rat,36
sweat,36
arrest,36
rivera,36
radic,36
cannon,36
intuit,36
nutshel,36
norton,36
tobin,36
riversid,36
allevi,36
spiritu,36
anger,36
frontier,36
veteran,36
btw,36
echo,36
tract,36
weed,36
heel,36
leigh,36
hint,36
slam,35
mask,35
overcharg,35
java,35
tribe,35
yuan,35
distort,35
abroad,35
ting,35
costa,35
swallow,35
tenor,35
elys,35
moni,35
ham,35
tragic,35
leopold,35
dome,35
flagstaff,35
segreg,35
IR,35
nordic,35
slim,35
mop,35
coin,35
vancouv,35
krist,35
sofa,35
versa,35
crook,35
lung,35
indonesia,35
cub,35
Rm,35
literatur,35
MI,35
simpson,35
cornel,35
rewrit,35
kahn,35
mum,35
yanke,35
oren,35
wander,35
blockbust,35
penetr,35
cheapest,35
swear,35
asshol,35
KC,35
lawn,35
calvin,35
ira,35
olymp,35
aggi,35
fold,35
judith,35
hyde,35
slice,35
metro,35
alina,35
sympathi,35
reprint,35
purcel,35
bin,35
villarr,35
vigor,35
santiago,35
flu,35
vent,35
kaplan,35
DE,35
drain,35
railroad,35
stanc,35
indemnif,35
emilio,35
raul,35
prolong,35
marion,35
sophi,35
CG,35
homepag,34
straightforward,34
weapon,34
bullshit,34
broderick,34
afghanistan,34
nearest,34
brigg,34
shave,34
helm,34
probe,34
otto,34
instinct,34
imelda,34
pope,34
heighten,34
greer,34
debtor,34
cypress,34
nasa,34
alton,34
simpler,34
pedro,34
rochel,34
gee,34
perus,34
witter,34
involuntari,34
displac,34
thumb,34
chili,34
norri,34
inaccur,34
bylaw,34
tout,34
drama,34
gorgeou,34
so,34
plung,34
conferenc,34
gladli,34
motorcycl,34
pact,34
albrecht,34
freeway,34
perpetu,34
trailer,34
rebound,34
leticia,34
pois,34
overdu,34
tea,34
kri,34
youth,34
grain,34
ferguson,34
empow,34
soni,34
meltdown,34
buffet,34
complement,34
arbitrari,34
insolv,34
predecessor,34
garza,34
hubbard,34
univ,34
outperform,34
Id,34
fitzpatrick,34
burnett,34
consumm,34
veto,34
selena,34
planet,34
ciao,33
carin,33
subtract,33
chemistri,33
novak,33
dwight,33
Yo,33
confess,33
humphrey,33
arac,33
bonnevil,33
becker,33
fascin,33
millennium,33
shmuel,33
lighter,33
legend,33
int,33
delici,33
wooden,33
alisha,33
ugh,33
rigor,33
ador,33
teleconfer,33
breaker,33
sock,33
unrestrict,33
sheraton,33
intersect,33
dam,33
lenni,33
galveston,33
stern,33
proforma,33
GS,33
howel,33
revolut,33
remit,33
fifti,33
chunk,33
tick,33
hillari,33
saver,33
cnn,33
nightmar,33
norway,33
den,33
texan,33
TM,33
AK,33
spectacular,33
embrac,33
soldier,33
barker,33
brooklyn,33
layer,33
playoff,33
indiffer,33
berni,33
gillian,33
larsen,33
mer,33
fond,33
exp,33
baselin,32
synopsi,32
sovereign,32
grief,32
hanov,32
attir,32
headroom,32
foley,32
soonest,32
holi,32
coincident,32
dose,32
biz,32
paw,32
costum,32
gpa,32
benedict,32
slack,32
jeopard,32
turnov,32
piti,32
mitsubishi,32
dime,32
prosper,32
generalist,32
laughter,32
bridgett,32
raquel,32
hick,32
unhappi,32
mohawk,32
categor,32
shepperd,32
whistl,32
hickok,32
castillo,32
debacl,32
idl,32
summon,32
pompano,32
widespread,32
cincinnati,32
dakota,32
sonia,32
scrimshaw,32
ED,32
liaison,32
fastest,32
TN,32
mojav,32
nickel,32
vocal,32
seam,32
linger,32
pg,32
hayden,32
murder,32
captiv,32
larson,32
ramirez,32
cp,32
thick,32
stolen,32
horsepow,32
manfr,32
strap,32
postal,32
decker,32
beforehand,32
sorrow,32
prob,32
anchor,32
harmless,32
layout,32
slowdown,32
enlist,32
fluid,32
ct,32
sequenc,32
nolan,32
peg,32
gregor,32
tricki,32
underlin,32
bro,32
fusion,32
fiduciari,32
cruz,32
assoc,31
hardest,31
carpet,31
adel,31
stringent,31
trina,31
ingredi,31
sorenson,31
sweeti,31
ft,31
puls,31
ES,31
hancock,31
teenag,31
varga,31
inherit,31
attain,31
stir,31
freeland,31
luca,31
valari,31
omni,31
cape,31
scientist,31
dental,31
episod,31
awak,31
manuel,31
floyd,31
hwi,31
mit,31
them,31
bolster,31
fraction,31
legaci,31
thereund,31
hero,31
closet,31
redeem,31
walsh,31
flush,31
palac,31
sol,31
rollov,31
luckili,31
spoon,31
burner,31
overtim,31
bayou,31
silicon,31
regi,31
dayton,31
gisel,31
rode,31
fame,31
ethan,31
mfg,31
unemploy,31
fargo,31
nowher,31
levin,31
shadow,31
VI,31
workbook,31
yate,31
honeymoon,31
pavel,31
santo,31
marg,31
vacuum,31
PH,31
midstream,31
tighter,31
brandi,31
salisburi,31
whilst,31
woe,31
technician,31
paye,31
spite,31
propon,31
null,31
midland,31
leap,31
confront,31
mcnamara,31
shah,31
he,31
peyton,31
therapi,31
guzman,31
richey,31
purpl,31
lineup,31
gallagh,31
bibl,31
immin,31
chavez,31
LT,30
KN,30
EL,30
wherein,30
tomato,30
hamburg,30
dirk,30
anyhow,30
saint,30
activist,30
fidel,30
irrevoc,30
moreno,30
gal,30
kayla,30
pacheco,30
sideway,30
cora,30
redo,30
puke,30
mentor,30
mcdermott,30
lindsey,30
prorat,30
fella,30
thread,30
overst,30
feldman,30
cushion,30
elleri,30
prospectu,30
beaten,30
spenc,30
frost,30
hip,30
prescrib,30
sweep,30
methanol,30
haa,30
JD,30
lew,30
tribun,30
amid,30
reynold,30
javier,30
ada,30
escort,30
roswel,30
feast,30
backyard,30
buyout,30
coloni,30
rail,30
brows,30
saudi,30
von,30
adrian,30
endur,30
undoubtedli,30
strive,30
convict,30
urban,30
freeli,30
garland,30
fernando,30
enlighten,30
DD,30
moseley,30
slap,30
ant,30
jealou,30
brownsvil,30
bash,30
underground,30
mercuri,30
morrison,30
copeland,30
pepper,30
merritt,30
interchang,30
soften,30
psych,30
uncov,30
spice,30
dilemma,30
lambert,30
harsh,30
outlet,30
poison,29
mae,29
trisha,29
standbi,29
gwen,29
drawer,29
TE,29
kickoff,29
vanderbilt,29
yank,29
nicer,29
han,29
lazi,29
booz,29
dame,29
punit,29
spokesperson,29
bot,29
troop,29
chile,29
kW,29
chuckl,29
dissolv,29
iraq,29
tonya,29
arlen,29
lip,29
landown,29
nate,29
intim,29
vita,29
eng,29
holler,29
hinder,29
stockton,29
newton,29
civic,29
keel,29
sweater,29
divert,29
mcfadden,29
tale,29
nugget,29
corpu,29
steakhous,29
rori,29
instructor,29
sigh,29
eaten,29
kali,29
georgetown,29
brazo,29
encod,29
profici,29
tempt,29
someplac,29
firewal,29
cheek,29
Op,29
herrera,29
backbon,29
onshor,29
hampshir,29
cougar,29
dilut,29
Us,29
monument,29
induc,29
UH,29
fuzzi,29
erron,29
introductori,29
CR,29
cu,29
CS,29
naomi,29
tba,29
monster,29
ti,29
impend,29
lia,29
recalcul,29
semiconductor,29
lea,29
boyl,29
pregnant,29
barg,29
ink,29
interior,29
marla,29
ramif,29
irrelev,29
sticker,29
dudley,29
bat,29
puzzl,29
abram,29
straddl,29
martina,29
springer,29
tang,29
tenant,29
whisper,28
applianc,28
sheer,28
choke,28
lilli,28
paterson,28
picnic,28
claudio,28
socorro,28
pepsi,28
purport,28
betsi,28
memphi,28
interestingli,28
worn,28
std,28
guerra,28
keyboard,28
blazer,28
jude,28
dubai,28
nita,28
banana,28
passiv,28
teas,28
taco,28
sloan,28
RB,28
turmoil,28
curriculum,28
humberto,28
shitti,28
declaratori,28
adder,28
gwendolyn,28
rage,28
endow,28
impair,28
mckenzi,28
advocaci,28
athlet,28
hendrickson,28
statewid,28
duli,28
excis,28
deplet,28
vietnam,28
vera,28
kristian,28
reap,28
reaffirm,28
giusepp,28
fanci,28
hop,28
morton,28
unbundl,28
algorithm,28
Ce,28
draper,28
paulett,28
deferr,28
estrada,28
leather,28
CL,28
brick,28
fingertip,28
irrespect,28
bevin,28
dialog,28
ucla,28
few,28
webster,28
paus,28
hereinaft,28
oxford,28
projector,28
crop,28
vii,28
alik,28
alphabet,28
proxim,28
reassur,28
fifteen,28
pension,28
cass,28
balk,28
tug,28
dillard,28
netherland,28
confin,28
recount,28
ensu,28
depict,28
footprint,28
secretli,28
crawl,28
infinit,28
plummet,28
geoffrey,28
soil,28
notch,28
nigeria,28
valdez,28
unverifi,28
democraci,28
amarillo,28
lifestyl,28
jacqu,28
spun,28
winfrey,28
overhaul,28
entrepreneuri,28
safer,28
hose,28
robyn,27
clinic,27
montgomeri,27
runner,27
prejudic,27
cock,27
errand,27
brendan,27
abid,27
nanni,27
peni,27
jacksonvil,27
ouch,27
biolog,27
purs,27
overrun,27
gustafson,27
tissu,27
talli,27
irwin,27
cleanup,27
sim,27
vasquez,27
urquhart,27
WK,27
humili,27
siemen,27
myself,27
castro,27
exacerb,27
olsen,27
hartman,27
oxygen,27
workstat,27
priest,27
forb,27
contradict,27
carthag,27
refriger,27
laboratori,27
JR,27
hybrid,27
disco,27
southwestern,27
onward,27
flori,27
plea,27
royalti,27
finest,27
ingersol,27
pond,27
herewith,27
on,27
MT,27
tracker,27
colombia,27
ame,27
overflow,27
farewel,27
hebert,27
klein,27
newport,27
flatten,27
hostil,27
entrepreneur,27
tulli,27
hare,27
effectu,27
de,27
skinni,27
rope,27
ryder,27
happier,27
frankfurt,27
appointe,27
commonli,27
conner,27
onion,27
mistakenli,27
depot,27
bbq,27
banner,27
headhunt,27
AC,27
oner,27
eldon,27
unresolv,27
sin,27
downturn,27
specialti,27
negat,27
oven,27
workspac,27
appalachian,27
caruso,27
devast,27
sway,27
chihuahua,27
fake,27
sandov,27
rainbow,27
scholar,27
tow,26
sober,26
restraint,26
roller,26
fart,26
polo,26
handicap,26
solicitor,26
turbo,26
keeper,26
aforement,26
yale,26
laguna,26
laden,26
hartford,26
apach,26
chop,26
paradigm,26
accessori,26
subtot,26
embark,26
averi,26
multimedia,26
resubmit,26
yearli,26
nor,26
flavor,26
comb,26
berg,26
exemplari,26
nina,26
allot,26
cop,26
pegasu,26
moscow,26
stairwel,26
cert,26
gossip,26
marina,26
cam,26
raleigh,26
steiner,26
refrain,26
shelia,26
merchandis,26
darryl,26
shreveport,26
brace,26
seamless,26
earlen,26
alley,26
curios,26
faq,26
pharmaceut,26
acquaint,26
tack,26
dede,26
byte,26
detriment,26
saddl,26
burbank,26
lever,26
tension,26
persona,26
ratliff,26
salvag,26
casualti,26
quo,26
virgin,26
cheri,26
fallout,26
bee,26
irrit,26
tendenc,26
feeder,26
bastard,26
stub,26
fiesta,26
fertil,26
thailand,26
padilla,26
opin,26
buster,26
frog,26
sunset,26
speedi,26
raj,26
lover,26
cartoon,26
unoffici,26
trophi,26
voucher,26
mighti,26
ftc,26
cube,26
veget,26
vineyard,26
slinger,26
switzerland,26
alcoa,26
academi,26
nicknam,26
lotteri,26
MN,26
babe,26
counselor,26
ML,26
taxi,26
bark,26
juanita,26
constantin,26
hidden,26
sch,25
wore,25
iroquoi,25
voltag,25
navajo,25
inland,25
repercuss,25
unfairli,25
outset,25
aviat,25
newswir,25
atm,25
stamford,25
carbon,25
unambigu,25
everett,25
seth,25
cutoff,25
ingram,25
ow,25
programm,25
eli,25
tripp,25
freshman,25
gosh,25
CE,25
shelf,25
mickey,25
loom,25
kingwood,25
catastroph,25
mud,25
juno,25
smarter,25
skinner,25
griff,25
improperli,25
bliss,25
butter,25
giggl,25
crown,25
comma,25
miriam,25
linden,25
belli,25
prestigi,25
awkward,25
syndrom,25
Na,25
mama,25
hype,25
classroom,25
grapevin,25
alien,25
saucier,25
undersign,25
steadili,25
mesa,25
scrape,25
bent,25
jog,25
underneath,25
ftp,25
inaccuraci,25
orderli,25
jonathon,25
germain,25
subordin,25
hopkin,25
vow,25
replay,25
unsolicit,25
cement,25
lemon,25
marten,25
elisabeth,25
prescript,25
marlin,25
pp,25
vigil,25
georgi,25
pt,25
distress,25
aboard,25
utter,25
terrac,25
mcclellan,25
adriana,25
laurent,25
zelda,25
reissu,25
elvi,25
elit,25
callahan,25
inner,25
jacobson,25
scrutin,25
agustin,25
energ,25
whitney,25
malaysia,25
swell,25
pee,25
butcher,25
brew,25
juggl,25
mulligan,25
snore,25
diabet,25
unaccount,25
BB,25
constitu,25
sanford,25
stoop,24
bluff,24
patio,24
miracl,24
balloon,24
PD,24
berlin,24
mois,24
britain,24
ego,24
microsystem,24
lessen,24
soda,24
muster,24
asham,24
keyston,24
crank,24
cumberland,24
methan,24
dire,24
KW,24
http,24
fro,24
loren,24
rambl,24
resurrect,24
connelli,24
weekday,24
reopen,24
morrow,24
illiquid,24
concis,24
butterfli,24
underestim,24
hannah,24
nullifi,24
creator,24
hermann,24
softbal,24
proviso,24
reviv,24
citat,24
yup,24
distant,24
poland,24
tucson,24
mcfarland,24
hemispher,24
redact,24
rear,24
mooney,24
degrad,24
nevil,24
hurst,24
contempt,24
waist,24
memor,24
diari,24
prof,24
skew,24
piano,24
charit,24
egan,24
kazakhstan,24
mini,24
irish,24
timeli,24
maxin,24
irrig,24
expediti,24
HQ,24
edgar,24
cochran,24
tex,24
metropolitan,24
indefinit,24
applaud,24
blush,24
undeliver,24
webber,24
signer,24
butch,24
punt,24
ore,24
frig,24
tort,24
redesign,24
reconven,24
tribal,24
dev,24
cont,24
mommi,24
sour,24
hewitt,24
worm,24
spectrum,24
mabl,24
sweetheart,24
diner,24
fob,24
peek,24
flesh,24
wagon,24
depriv,24
annett,24
MB,24
lubbock,24
blanchard,24
beau,24
HA,24
AI,24
surrend,24
cheyenn,24
ppm,24
caledonia,24
oz,24
reservoir,24
taxat,24
jeremiah,24
ab,24
vers,24
marissa,24
drought,24
schwab,24
rubber,24
ireland,24
broadli,24
prosecut,24
Oz,24
LG,24
credenti,24
zoo,24
recycl,24
niec,24
patriot,24
col,24
parish,24
stain,24
BU,24
quebec,24
fourteen,24
Fe,24
radiat,24
sip,24
alejandro,24
mozilla,24
ernest,24
linux,23
egypt,23
junctur,23
hostag,23
graci,23
sidelin,23
wealthi,23
sheryl,23
hendrick,23
suzi,23
hail,23
taiwan,23
osborn,23
romant,23
dread,23
arlington,23
fade,23
mandi,23
unpredict,23
stephan,23
